ID,Categoria,Titulo,Medio,Fecha,Resumen,Comentario_Reaccion,Unnamed: 7,Titulo_longitud,Titulo_num_palabras,Medio_longitud,Medio_num_palabras,Resumen_longitud,Resumen_num_palabras,Comentario_Reaccion_longitud,Comentario_Reaccion_num_palabras,Titulo_limpio,Medio_limpio,Resumen_limpio,Comentario_Reaccion_limpio
1,Generacion Z,Gen Z-styled protests spread in Mexico,Reuters,2025-11-16,Protestas tras asesinato de alcalde; enfrentamientos con policía.,"Jóvenes exigen seguridad, no sólo retórica política. #MexicoProtesta",,38,6,7,1,65,8,68,8,gen zstyled protests spread in mexico,reuters,protestas tras asesinato de alcalde enfrentamientos con policía,jóvenes exigen seguridad no sólo retórica política
2,Frankenstein,Frankenstein ya en streaming,Netflix Tudum,2025-11-07,La película se estrena en Netflix; estructura en tres actos.,"La versión de Del Toro es increíblemente emotiva, ¡lágrimas garantizadas! #GDTFrankenstein",,28,4,13,2,60,10,90,11,frankenstein ya en streaming,netflix tudum,la película se estrena en netflix estructura en tres actos,la versión de del toro es increíblemente emotiva lágrimas garantizadas
3,Generacion Z,Sheinbaum desautoriza marcha de la generación Z,El País,2025-11-17,Gobierno señala baja participación juvenil y presencia de opositores adultos.,"Dicen que somos pocos, pero el ruido que hacemos es por todos. #SomosMas",,47,7,7,2,77,10,72,13,sheinbaum desautoriza marcha de la generación z,el país,gobierno señala baja participación juvenil y presencia de opositores adultos,dicen que somos pocos pero el ruido que hacemos es por todos
4,Frankenstein,Del Toro visita CDMX por estreno,Milenio,2025-10-30,Del Toro y elenco asistirán a evento en Ciudad de México.,"Necesito ir a la alfombra roja, GDT es un ídolo de la estética gótica. #CDMX",,32,6,7,1,57,11,76,15,del toro visita cdmx por estreno,milenio,del toro y elenco asistirán a evento en ciudad de méxico,necesito ir a la alfombra roja gdt es un ídolo de la estética gótica
5,Generacion Z,Gobierno vincula marcha con desinformación,El País,2025-11-13,Acusan campaña digital financiada con bots e influencers.,Siempre es más fácil culpar a los bots que escuchar la calle. #NoSoyUnBot,,42,5,7,2,57,8,73,13,gobierno vincula marcha con desinformación,el país,acusan campaña digital financiada con bots e influencers,siempre es más fácil culpar a los bots que escuchar la calle
6,Frankenstein,Estreno en cines mexicanos,TV Azteca,2025-10-23,Se proyecta solo en cines seleccionados e independientes.,Una obra maestra que DEBE verse en pantalla grande. El sonido es vital.,,26,4,9,2,57,8,71,13,estreno en cines mexicanos,tv azteca,se proyecta solo en cines seleccionados e independientes,una obra maestra que debe verse en pantalla grande el sonido es vital
7,Generacion Z,Generación Z toma las calles,Euronews,2025-11-16,20 detenidos y 100 policías heridos en movilizaciones.,"Los enfrentamientos escalaron. Piden diálogo, no represión.",,28,5,8,1,54,8,59,7,generación z toma las calles,euronews,detenidos y policías heridos en movilizaciones,los enfrentamientos escalaron piden diálogo no represión
8,Frankenstein,Frankenstein llega a Netflix,El Financiero,2025-11-04,Disponible en streaming desde el 7 de noviembre.,Perfecto para un maratón de terror melancólico este fin de semana.,,28,4,13,2,48,8,66,11,frankenstein llega a netflix,el financiero,disponible en streaming desde el de noviembre,perfecto para un maratón de terror melancólico este fin de semana
9,Generacion Z,Testimonios de jóvenes sobre protesta,El País,2025-11-16,"Jóvenes denuncian inseguridad, falta de medicinas y problemas sociales.",El grito es por el futuro que nos están robando. #MexicoDespierta,,37,5,7,2,71,9,65,11,testimonios de jóvenes sobre protesta,el país,jóvenes denuncian inseguridad falta de medicinas y problemas sociales,el grito es por el futuro que nos están robando
10,Frankenstein,13 minutos de aplausos en Venecia,El Financiero,2025-08-31,La película recibe ovación en el Festival de Venecia.,La crítica la ama. Del Toro lo vuelve a hacer con el género de monstruos.,,33,6,13,2,53,9,73,15,minutos de aplausos en venecia,el financiero,la película recibe ovación en el festival de venecia,la crítica la ama del toro lo vuelve a hacer con el género de monstruos
11,Generacion Z,Análisis: ¿Qué busca realmente la Gen Z en las marchas?,BBC Mundo,2025-11-18,Estudio indica desconfianza en instituciones y uso de memes como protesta.,"Usamos los memes para reír, pero la indignación es real. #ProtestaDigital",,55,10,9,2,74,11,73,11,análisis qué busca realmente la gen z en las marchas,bbc mundo,estudio indica desconfianza en instituciones y uso de memes como protesta,usamos los memes para reír pero la indignación es real
12,Frankenstein,Oscar a Mejor Maquillaje asegurado para GDT,Variety,2025-11-15,Expertos predicen múltiples nominaciones por el diseño del Monstruo.,El look del Monstruo es desgarradoramente bello. Del Toro y su estética.,,43,7,7,1,68,9,72,12,oscar a mejor maquillaje asegurado para gdt,variety,expertos predicen múltiples nominaciones por el diseño del monstruo,el look del monstruo es desgarradoramente bello del toro y su estética
13,Generacion Z,El factor TikTok en las protestas mexicanas,DW,2025-11-15,La red social es la principal herramienta de convocatoria y difusión.,"Vi el live de la marcha en TikTok, mucho más rápido que las noticias.",,43,7,2,1,69,11,69,14,el factor tiktok en las protestas mexicanas,dw,la red social es la principal herramienta de convocatoria y difusión,vi el live de la marcha en tiktok mucho más rápido que las noticias
14,Frankenstein,La nueva visión de la criatura de Del Toro,Rolling Stone,2025-11-08,El director se enfoca en la soledad y la humanidad del Monstruo.,"No es solo terror, es drama existencial. Mary Shelley estaría orgullosa.",,42,9,13,2,64,12,72,11,la nueva visión de la criatura de del toro,rolling stone,el director se enfoca en la soledad y la humanidad del monstruo,no es solo terror es drama existencial mary shelley estaría orgullosa
15,Generacion Z,Marcha: ¿El inicio de un nuevo movimiento juvenil?,Reforma,2025-11-17,Sociólogos debaten si las protestas tienen el potencial de la Primavera Árabe.,"Espero que sea el inicio de un cambio real, no solo un flash.",,50,8,7,1,78,12,61,13,marcha el inicio de un nuevo movimiento juvenil,reforma,sociólogos debaten si las protestas tienen el potencial de la primavera árabe,espero que sea el inicio de un cambio real no solo un flash
16,Frankenstein,Elenco de lujo cautiva a la audiencia global,Hollywood Reporter,2025-11-09,Análisis de las actuaciones de [Actor 1] y [Actor 2] como Dr. y Monstruo.,"[Actor 2] como el Monstruo es brutal, sin palabras.",,44,8,18,2,73,14,51,9,elenco de lujo cautiva a la audiencia global,hollywood reporter,análisis de las actuaciones de actor y actor como dr y monstruo,actor como el monstruo es brutal sin palabras
17,Generacion Z,Gobierno refuerza seguridad en el Zócalo,Milenio,2025-11-14,"Tras el intento de ocupación, se duplica la presencia policial.","Mucha seguridad para cuidar edificios, y poca para cuidar ciudadanos.",,40,6,7,1,63,10,69,10,gobierno refuerza seguridad en el zócalo,milenio,tras el intento de ocupación se duplica la presencia policial,mucha seguridad para cuidar edificios y poca para cuidar ciudadanos
18,Frankenstein,Frankenstein: ¿La obra maestra más oscura de GDT?,IndieWire,2025-11-10,Comparación con El Laberinto del Fauno y La Forma del Agua.,"Más oscura, más profunda, más dolorosa. Del Toro en su mejor forma.",,49,8,9,1,59,11,67,12,frankenstein la obra maestra más oscura de gdt,indiewire,comparación con el laberinto del fauno y la forma del agua,más oscura más profunda más dolorosa del toro en su mejor forma
19,Generacion Z,¿Quién financia la movilización digital de la Gen Z?,El Universal,2025-11-13,Investigación sobre el origen de los hashtags virales.,Es increíble cómo minimizan nuestra voz llamándola 'financiada'.,,52,9,12,2,54,8,64,8,quién financia la movilización digital de la gen z,el universal,investigación sobre el origen de los hashtags virales,es increíble cómo minimizan nuestra voz llamándola financiada
20,Frankenstein,La estética victoriana y el detalle de producción,Screen Rant,2025-11-06,Entrevista con la diseñadora de producción sobre el mundo de la película.,"Cada toma es una pintura, la dirección de arte es de otro mundo.",,49,8,11,2,73,12,64,13,la estética victoriana y el detalle de producción,screen rant,entrevista con la diseñadora de producción sobre el mundo de la película,cada toma es una pintura la dirección de arte es de otro mundo
21,Generacion Z,Estudiantes se suman a las demandas de la marcha,La Jornada,2025-11-15,Facultades de la UNAM y el IPN emiten comunicados de apoyo.,Es un movimiento estudiantil y social. ¡Todos juntos!,,48,9,10,2,59,11,53,8,estudiantes se suman a las demandas de la marcha,la jornada,facultades de la unam y el ipn emiten comunicados de apoyo,es un movimiento estudiantil y social todos juntos
22,Frankenstein,Tráiler rompe récord de vistas en Netflix,Forbes,2025-10-01,El avance de la película se vuelve viral en horas.,El tráiler me puso la piel de gallina. Del Toro sabe cómo vender monstruos.,,41,7,6,1,50,10,75,14,tráiler rompe récord de vistas en netflix,forbes,el avance de la película se vuelve viral en horas,el tráiler me puso la piel de gallina del toro sabe cómo vender monstruos
23,Generacion Z,Influencers denuncian intimidación tras apoyar las protestas,El País,2025-11-17,Cuentas grandes reportan ataques coordinados y amenazas.,"Si apoyas la protesta, te atacan. Es un miedo constante.",,60,7,7,2,56,7,56,10,influencers denuncian intimidación tras apoyar las protestas,el país,cuentas grandes reportan ataques coordinados y amenazas,si apoyas la protesta te atacan es un miedo constante
24,Frankenstein,"Del Toro sobre la ciencia: ""Es la ambición humana""",The Guardian,2025-11-07,Cita del director sobre el verdadero horror de la historia.,La ciencia sin ética es el verdadero monstruo. Del Toro lo entiende.,,50,9,12,2,59,10,68,12,del toro sobre la ciencia es la ambición humana,the guardian,cita del director sobre el verdadero horror de la historia,la ciencia sin ética es el verdadero monstruo del toro lo entiende
25,Generacion Z,México: La generación del cambio social,CNN Español,2025-11-18,Reportaje especial sobre el activismo juvenil en Latam.,"Gen Z está harta de promesas vacías, es hora de actuar.",,39,6,11,2,55,8,55,11,méxico la generación del cambio social,cnn español,reportaje especial sobre el activismo juvenil en latam,gen z está harta de promesas vacías es hora de actuar
26,Frankenstein,Critica: La obra que define la filmografía de Del Toro,SensaCine,2025-11-05,Una reseña que alaba la madurez narrativa y visual del director.,"Mi película favorita de GDT, punto.",,54,10,9,1,64,11,35,6,critica la obra que define la filmografía de del toro,sensacine,una reseña que alaba la madurez narrativa y visual del director,mi película favorita de gdt punto
27,Generacion Z,Padres de familia expresan apoyo a la marcha de sus hijos,El Heraldo,2025-11-16,Adultos mayores se unen a las filas en solidaridad.,"No es solo la Gen Z, es una preocupación nacional.",,57,11,10,2,51,9,50,10,padres de familia expresan apoyo a la marcha de sus hijos,el heraldo,adultos mayores se unen a las filas en solidaridad,no es solo la gen z es una preocupación nacional
28,Frankenstein,Análisis: ¿Por qué Frankenstein sigue siendo relevante?,Vulture,2025-11-12,La historia toca temas de rechazo social y disidencia.,"La Gen Z se identifica mucho con el Monstruo, un marginado incomprendido.",,55,7,7,1,54,9,73,12,análisis por qué frankenstein sigue siendo relevante,vulture,la historia toca temas de rechazo social y disidencia,la gen z se identifica mucho con el monstruo un marginado incomprendido
29,Generacion Z,Hashtags de protesta se vuelven *trending* mundial,Twitter News,2025-11-15,#MexicoDespierta y #GenZPorLaPaz lideran tendencias.,La protesta digital es la nueva plaza pública.,,50,7,12,2,52,5,46,8,hashtags de protesta se vuelven trending mundial,twitter news,y lideran tendencias,la protesta digital es la nueva plaza pública
30,Frankenstein,Efectos visuales minimalistas y el poder de la caracterización,FX Magazine,2025-11-10,El uso de maquillaje práctico sobre CGI es un acierto.,Gracias Del Toro por el maquillaje tradicional. Se siente más real.,,62,9,11,2,54,10,67,11,efectos visuales minimalistas y el poder de la caracterización,fx magazine,el uso de maquillaje práctico sobre cgi es un acierto,gracias del toro por el maquillaje tradicional se siente más real
31,Generacion Z,Policía Cibernética investiga origen de desinformación,El País,2025-11-14,Señalan cuentas vinculadas a grupos de oposición.,La narrativa de culpar al otro nunca cambia.,,54,6,7,2,49,7,44,8,policía cibernética investiga origen de desinformación,el país,señalan cuentas vinculadas a grupos de oposición,la narrativa de culpar al otro nunca cambia
32,Frankenstein,"Del Toro en entrevista: ""Es una carta de amor a Mary Shelley""",CinemaBlend,2025-11-07,El director discute la fidelidad al espíritu del libro.,Se siente el respeto por la fuente original.,,61,12,11,1,55,9,44,8,del toro en entrevista es una carta de amor a mary shelley,cinemablend,el director discute la fidelidad al espíritu del libro,se siente el respeto por la fuente original
33,Generacion Z,Análisis: Las demandas económicas de la Generación Z,Expansión,2025-11-17,Los jóvenes exigen salarios dignos y acceso a la vivienda.,"No podemos pagar la renta, el problema no es solo político.",,52,8,9,1,58,10,59,11,análisis las demandas económicas de la generación z,expansión,los jóvenes exigen salarios dignos y acceso a la vivienda,no podemos pagar la renta el problema no es solo político
34,Frankenstein,Los 5 momentos más emotivos de Frankenstein (Spoiler Free),BuzzFeed,2025-11-09,Lista de escenas destacadas por su carga dramática.,El momento del espejo es devastador.,,58,9,8,1,51,8,36,6,los momentos más emotivos de frankenstein spoiler free,buzzfeed,lista de escenas destacadas por su carga dramática,el momento del espejo es devastador
35,Generacion Z,México D.F.: Centro de la protesta juvenil,Reuters,2025-11-16,Cientos se congregan en el Ángel de la Independencia.,"El Ángel es nuestro punto de reunión, el símbolo de la libertad.",,42,7,7,1,53,9,64,12,méxico df centro de la protesta juvenil,reuters,cientos se congregan en el ángel de la independencia,el ángel es nuestro punto de reunión el símbolo de la libertad
36,Frankenstein,¿Habrá secuela? GDT responde,Collider,2025-11-14,Del Toro dice que esta es una historia autocontenida.,"Perfecto, no necesita secuela. Es completa así.",,28,4,8,1,53,9,47,7,habrá secuela gdt responde,collider,del toro dice que esta es una historia autocontenida,perfecto no necesita secuela es completa así
37,Generacion Z,Uso de tecnología para evitar represión policial,VICE News,2025-11-15,Apps de mensajería cifrada y transmisión en vivo para documentar abusos.,Hay que estar protegidos. Documentar es protegernos.,,48,7,9,2,72,11,52,7,uso de tecnología para evitar represión policial,vice news,apps de mensajería cifrada y transmisión en vivo para documentar abusos,hay que estar protegidos documentar es protegernos
38,Frankenstein,El papel del color y la luz en la película,FilmeNow,2025-11-06,Análisis visual del director de fotografía.,La paleta de colores es sombría y hermosa.,,42,10,8,1,43,6,42,8,el papel del color y la luz en la película,filmenow,análisis visual del director de fotografía,la paleta de colores es sombría y hermosa
39,Generacion Z,Gobierno acusa vandalismo en monumentos históricos,INAH,2025-11-17,Daños en edificios y estatuas tras los enfrentamientos.,Una minoría violenta desvía la atención de las demandas reales.,,50,6,4,1,55,8,63,10,gobierno acusa vandalismo en monumentos históricos,inah,daños en edificios y estatuas tras los enfrentamientos,una minoría violenta desvía la atención de las demandas reales
40,Frankenstein,Estreno de Frankenstein genera debate en Reddit,Reddit r/movies,2025-11-08,Discusión sobre la adaptación y la controversia del casting.,"Hay opiniones divididas, pero la mayoría ama la dirección de GDT.",,47,7,15,2,60,9,65,11,estreno de frankenstein genera debate en reddit,reddit rmovies,discusión sobre la adaptación y la controversia del casting,hay opiniones divididas pero la mayoría ama la dirección de gdt
41,Generacion Z,Movilización: ¿Una ola organizada o espontánea?,El País,2025-11-18,Expertos debaten la naturaleza del movimiento juvenil.,Es espontáneo pero con un sentimiento colectivo.,,47,6,7,2,54,7,48,7,movilización una ola organizada o espontánea,el país,expertos debaten la naturaleza del movimiento juvenil,es espontáneo pero con un sentimiento colectivo
42,Frankenstein,"Actores describen el proceso de maquillaje como ""tortuoso""",The Hollywood Reporter,2025-11-11,Horas de trabajo diario para lograr la apariencia del Monstruo.,El compromiso del actor es admirable.,,58,8,22,3,63,10,37,6,actores describen el proceso de maquillaje como tortuoso,the hollywood reporter,horas de trabajo diario para lograr la apariencia del monstruo,el compromiso del actor es admirable
43,Generacion Z,Análisis de lenguaje visual de la protesta,Diseño MX,2025-11-15,Uso de carteles minimalistas y referencias a memes.,El diseño comunica más que un discurso largo.,,42,7,9,2,51,8,45,8,análisis de lenguaje visual de la protesta,diseño mx,uso de carteles minimalistas y referencias a memes,el diseño comunica más que un discurso largo
44,Frankenstein,La música de [Compositor] eleva la emoción,Soundtrack World,2025-11-05,Reseña de la banda sonora de la película.,"La música es épica y melancólica, un 10/10.",,42,7,16,2,41,8,43,8,la música de compositor eleva la emoción,soundtrack world,reseña de la banda sonora de la película,la música es épica y melancólica un
45,Generacion Z,Jóvenes convocan a una segunda marcha en diciembre,Redes Sociales,2025-11-17,La convocatoria es para el día 10 de diciembre.,No nos cansaremos hasta ser escuchados.,,50,8,14,2,47,9,39,6,jóvenes convocan a una segunda marcha en diciembre,redes sociales,la convocatoria es para el día de diciembre,no nos cansaremos hasta ser escuchados
46,Frankenstein,Comparativa: ¿Mejor que las versiones clásicas?,Den of Geek,2025-11-07,El artículo compara la nueva versión con las de la Universal.,"Es diferente, pero respeta el alma del mito.",,47,6,11,3,61,11,44,8,comparativa mejor que las versiones clásicas,den of geek,el artículo compara la nueva versión con las de la universal,es diferente pero respeta el alma del mito
47,Generacion Z,Marcha: Un grito contra la corrupción y la impunidad,W Radio,2025-11-16,Las demandas centrales giran en torno a la justicia.,Queremos justicia por todos los crímenes impunes.,,52,9,7,2,52,9,49,7,marcha un grito contra la corrupción y la impunidad,w radio,las demandas centrales giran en torno a la justicia,queremos justicia por todos los crímenes impunes
48,Frankenstein,"Del Toro: ""El Monstruo es el niño herido""",Entrevista Televisa,2025-11-04,El director explica su enfoque psicológico del personaje.,Una visión tierna y trágica a la vez.,,41,8,19,2,57,8,37,8,del toro el monstruo es el niño herido,entrevista televisa,el director explica su enfoque psicológico del personaje,una visión tierna y trágica a la vez
49,Generacion Z,Testimonios: Jóvenes que fueron por primera vez a marchar,Aristegui Noticias,2025-11-18,Historias de la experiencia inicial en las protestas.,"Sentí miedo, pero también mucha esperanza al ver a tantos jóvenes.",,57,9,18,2,53,8,66,11,testimonios jóvenes que fueron por primera vez a marchar,aristegui noticias,historias de la experiencia inicial en las protestas,sentí miedo pero también mucha esperanza al ver a tantos jóvenes
50,Frankenstein,Éxito de taquilla limitada en cines independientes,Box Office Guru,2025-11-13,La película tuvo buenas cifras antes de pasar a streaming.,"Vale la pena pagar el cine, es una experiencia inmersiva.",,50,7,15,3,58,10,57,10,éxito de taquilla limitada en cines independientes,box office guru,la película tuvo buenas cifras antes de pasar a streaming,vale la pena pagar el cine es una experiencia inmersiva
51,Generacion Z,Movilización en Guadalajara y Monterrey,El Norte,2025-11-16,Las protestas se replican en otros estados clave.,"No es solo CDMX, la inconformidad es nacional.",,39,5,8,2,49,8,46,8,movilización en guadalajara y monterrey,el norte,las protestas se replican en otros estados clave,no es solo cdmx la inconformidad es nacional
52,Frankenstein,Del Toro explica el final alternativo,Revista Empire,2025-11-15,Detalles sobre las escenas eliminadas y cambios de guion.,"Interesante, pero el final que eligió es perfecto.",,37,6,14,2,57,9,50,8,del toro explica el final alternativo,revista empire,detalles sobre las escenas eliminadas y cambios de guion,interesante pero el final que eligió es perfecto
53,Generacion Z,Debate en Twitter: ¿Falta de liderazgo en la Gen Z?,El Universal,2025-11-17,Algunos critican la falta de una figura central en el movimiento.,"No necesitamos líderes, somos una red distribuida.",,51,10,12,2,65,11,50,7,debate en twitter falta de liderazgo en la gen z,el universal,algunos critican la falta de una figura central en el movimiento,no necesitamos líderes somos una red distribuida
54,Frankenstein,Análisis del vestuario como herramienta narrativa,Vogue México,2025-11-08,La ropa refleja el estatus y la decadencia moral.,"El vestuario es sombrío y elegante, muy GDT.",,49,6,12,2,49,9,44,8,análisis del vestuario como herramienta narrativa,vogue méxico,la ropa refleja el estatus y la decadencia moral,el vestuario es sombrío y elegante muy gdt
55,Generacion Z,Reporte: Uso de VPN y Tor para comunicación segura,TechCrunch,2025-11-15,La Gen Z utiliza herramientas digitales para evadir vigilancia.,La seguridad digital es parte de la protesta.,,50,9,10,1,63,9,45,8,reporte uso de vpn y tor para comunicación segura,techcrunch,la gen z utiliza herramientas digitales para evadir vigilancia,la seguridad digital es parte de la protesta
56,Frankenstein,Netflix compra los derechos globales por una cifra millonaria,Deadline,2025-10-25,El acuerdo garantiza una distribución masiva.,La única forma de verla es con una buena plataforma.,,61,9,8,1,45,6,52,10,netflix compra los derechos globales por una cifra millonaria,deadline,el acuerdo garantiza una distribución masiva,la única forma de verla es con una buena plataforma
57,Generacion Z,El lenguaje inclusivo y la Gen Z en la protesta,Cultura Colectiva,2025-11-16,Análisis del vocabulario utilizado en las consignas.,La Gen Z trae consigo una nueva forma de hablar y protestar.,,47,10,17,2,52,7,60,12,el lenguaje inclusivo y la gen z en la protesta,cultura colectiva,análisis del vocabulario utilizado en las consignas,la gen z trae consigo una nueva forma de hablar y protestar
58,Frankenstein,"Del Toro sobre el CGI: ""Solo donde sea estrictamente necesario""",Video Production,2025-11-06,Énfasis en los efectos prácticos y la artesanía.,Se nota la mano de un maestro artesano.,,63,10,16,2,48,8,39,8,del toro sobre el cgi solo donde sea estrictamente necesario,video production,énfasis en los efectos prácticos y la artesanía,se nota la mano de un maestro artesano
59,Generacion Z,Gobierno acusa a partidos de derecha de infiltrar la marcha,Milenio,2025-11-14,Argumentan que buscan desestabilizar la administración.,La vieja política siempre tratando de manipularnos.,,59,10,7,1,55,6,51,7,gobierno acusa a partidos de derecha de infiltrar la marcha,milenio,argumentan que buscan desestabilizar la administración,la vieja política siempre tratando de manipularnos
60,Frankenstein,Frankenstein: El monstruo que nos obliga a vernos,Psicología y Cine,2025-11-11,Análisis psicológico de la relación creador-criatura.,Refleja nuestras propias inseguridades y rechazos.,,49,8,17,3,53,6,50,6,frankenstein el monstruo que nos obliga a vernos,psicología y cine,análisis psicológico de la relación creadorcriatura,refleja nuestras propias inseguridades y rechazos
61,Generacion Z,Gen Z crea su propia narrativa en YouTube,YouTube Trends,2025-11-16,Canales de jóvenes documentan la marcha sin filtros.,La mejor cobertura está en los canales independientes.,,41,8,14,2,52,8,54,8,gen z crea su propia narrativa en youtube,youtube trends,canales de jóvenes documentan la marcha sin filtros,la mejor cobertura está en los canales independientes
62,Frankenstein,La iluminación como personaje en el film de Del Toro,Cinephilia,2025-11-09,Estudio de cómo el claroscuro define el tono de la película.,Cada escena parece sacada de un cuadro barroco.,,52,10,10,1,60,11,47,8,la iluminación como personaje en el film de del toro,cinephilia,estudio de cómo el claroscuro define el tono de la película,cada escena parece sacada de un cuadro barroco
63,Generacion Z,Análisis: Diferencias con el movimiento estudiantil del 68,History Channel,2025-11-18,Comparativa entre el activismo actual y el pasado.,"Diferentes épocas, la misma necesidad de cambio.",,58,8,15,2,50,8,48,7,análisis diferencias con el movimiento estudiantil del,history channel,comparativa entre el activismo actual y el pasado,diferentes épocas la misma necesidad de cambio
64,Frankenstein,La visión del Dr. Frankenstein como un niño caprichoso,The New Yorker,2025-11-12,Crítica que examina la inmadurez moral del científico.,"El Dr. es el verdadero villano, un irresponsable narcisista.",,54,9,14,3,54,8,60,9,la visión del dr frankenstein como un niño caprichoso,the new yorker,crítica que examina la inmadurez moral del científico,el dr es el verdadero villano un irresponsable narcisista
65,Generacion Z,Reporte de Derechos Humanos condena uso excesivo de la fuerza,Amnistía Internacional,2025-11-17,Documentan agresiones a manifestantes pacíficos.,El estado no respeta nuestros derechos.,,61,10,22,2,48,5,39,6,reporte de derechos humanos condena uso excesivo de la fuerza,amnistía internacional,documentan agresiones a manifestantes pacíficos,el estado no respeta nuestros derechos
66,Frankenstein,Guillermo del Toro anuncia un libro de arte de la película,Dark Horse Comics,2025-11-14,El tomo contendrá bocetos y diseños conceptuales.,¡Comprado! Necesito ver el proceso creativo de GDT.,,58,11,17,3,49,7,51,8,guillermo del toro anuncia un libro de arte de la película,dark horse comics,el tomo contendrá bocetos y diseños conceptuales,comprado necesito ver el proceso creativo de gdt
67,Generacion Z,Economistas advierten sobre el impacto de la inestabilidad social,Financial Times,2025-11-18,Las protestas pueden afectar la inversión extranjera.,La inestabilidad la crea el gobierno que no escucha.,,65,9,15,2,53,7,52,9,economistas advierten sobre el impacto de la inestabilidad social,financial times,las protestas pueden afectar la inversión extranjera,la inestabilidad la crea el gobierno que no escucha
68,Frankenstein,Frankenstein y el cine gótico: Un regreso a las raíces,Horror Freak,2025-11-05,La película abraza la tradición del horror clásico.,Un homenaje perfecto a los monstruos de antaño.,,54,10,12,2,51,8,47,8,frankenstein y el cine gótico un regreso a las raíces,horror freak,la película abraza la tradición del horror clásico,un homenaje perfecto a los monstruos de antaño
69,Generacion Z,Manifestantes utilizan drones para documentar la marcha,Tecnología para el Cambio,2025-11-16,Cámaras aéreas registran la magnitud de la concentración.,Los drones muestran la verdad que los medios no quieren ver.,,55,7,25,4,57,8,60,11,manifestantes utilizan drones para documentar la marcha,tecnología para el cambio,cámaras aéreas registran la magnitud de la concentración,los drones muestran la verdad que los medios no quieren ver
70,Frankenstein,"Del Toro agradece el recibimiento: ""Una obra personal""",Discurso de Premiere,2025-10-30,El director se emociona al hablar de su conexión con la historia.,Se siente la pasión en cada fotograma.,,54,8,20,3,65,12,38,7,del toro agradece el recibimiento una obra personal,discurso de premiere,el director se emociona al hablar de su conexión con la historia,se siente la pasión en cada fotograma
71,Generacion Z,Comentarios: La marcha dividió a las familias,Foros de Debate,2025-11-17,Generaciones mayores critican la falta de respeto a la autoridad.,Mis papás no entienden por qué salgo a la calle.,,45,7,15,3,65,10,48,10,comentarios la marcha dividió a las familias,foros de debate,generaciones mayores critican la falta de respeto a la autoridad,mis papás no entienden por qué salgo a la calle
72,Frankenstein,El Monstruo de Del Toro: ¿El más vulnerable de todos?,Film Comment,2025-11-10,El análisis de la interpretación de [Actor 2] como figura trágica.,Su vulnerabilidad es lo que lo hace tan humano.,,53,10,12,2,66,11,47,9,el monstruo de del toro el más vulnerable de todos,film comment,el análisis de la interpretación de actor como figura trágica,su vulnerabilidad es lo que lo hace tan humano
73,Generacion Z,Influencers promueven boicot a marcas que no se pronuncian,TikTok,2025-11-15,Piden a las empresas tomar posición política.,"Si las marcas no nos apoyan, no las consumimos.",,58,9,6,1,45,7,47,9,influencers promueven boicot a marcas que no se pronuncian,tiktok,piden a las empresas tomar posición política,si las marcas no nos apoyan no las consumimos
74,Frankenstein,Frankenstein: Un éxito inesperado de Netflix Latam,Netflix Data,2025-11-14,La película se posiciona como la más vista en la región.,¡Qué orgullo para un director mexicano!,,50,7,12,2,56,11,39,6,frankenstein un éxito inesperado de netflix latam,netflix data,la película se posiciona como la más vista en la región,qué orgullo para un director mexicano
75,Generacion Z,La voz de la Generación Z en los medios tradicionales,Prensa Libre,2025-11-18,Los medios dan más espacio a las demandas de los jóvenes.,Es bueno que por fin nos escuchen en la radio.,,53,10,12,2,57,11,46,10,la voz de la generación z en los medios tradicionales,prensa libre,los medios dan más espacio a las demandas de los jóvenes,es bueno que por fin nos escuchen en la radio
76,Frankenstein,"Del Toro sobre el final: ""Un toque de esperanza""",Entrevista Exclusiva,2025-11-07,El director defiende un cierre menos nihilista.,Un final con esa pequeña luz es muy Del Toro.,,48,9,20,2,47,7,45,10,del toro sobre el final un toque de esperanza,entrevista exclusiva,el director defiende un cierre menos nihilista,un final con esa pequeña luz es muy del toro
77,Generacion Z,Activistas denuncian detenciones arbitrarias,ONG Derechos Humanos,2025-11-16,Piden la liberación inmediata de los detenidos.,La represión es la respuesta del miedo.,,44,4,20,3,47,7,39,7,activistas denuncian detenciones arbitrarias,ong derechos humanos,piden la liberación inmediata de los detenidos,la represión es la respuesta del miedo
78,Frankenstein,El impacto de la película en la moda gótica actual,Fashionista,2025-11-10,Las tendencias de vestuario de la película inspiran nuevos looks.,"Me copio el look de Victor, muy elegante y oscuro.",,50,10,11,1,65,10,50,10,el impacto de la película en la moda gótica actual,fashionista,las tendencias de vestuario de la película inspiran nuevos looks,me copio el look de victor muy elegante y oscuro
79,Generacion Z,Análisis de los cánticos y consignas de la marcha,Lingüística Social,2025-11-17,El uso del sarcasmo y el humor negro en las protestas.,La mejor forma de protestar es con inteligencia y humor.,,49,9,18,2,54,11,56,10,análisis de los cánticos y consignas de la marcha,lingüística social,el uso del sarcasmo y el humor negro en las protestas,la mejor forma de protestar es con inteligencia y humor
80,Frankenstein,Frankenstein en el Top 10 de IMDb,IMDb Charts,2025-11-15,La película mantiene una alta calificación entre los usuarios.,Una joya que será un clásico instantáneo.,,33,7,11,2,62,9,41,7,frankenstein en el top de imdb,imdb charts,la película mantiene una alta calificación entre los usuarios,una joya que será un clásico instantáneo
81,Generacion Z,Usuarios de Reddit discuten la efectividad de las marchas,Reddit r/Mexico,2025-11-18,Debate sobre si el cambio se logra en la calle o en las urnas.,"Ambos. La calle presiona, la urna decide.",,57,9,15,2,62,14,41,7,usuarios de reddit discuten la efectividad de las marchas,reddit rmexico,debate sobre si el cambio se logra en la calle o en las urnas,ambos la calle presiona la urna decide
82,Frankenstein,La crítica elogia la cinematografía en blanco y negro (Versión especial),Sundance Review,2025-11-12,Se lanzó una edición limitada en blanco y negro para cines.,El B&N le da un aire más clásico y dramático.,,72,11,15,2,59,11,45,10,la crítica elogia la cinematografía en blanco y negro versión especial,sundance review,se lanzó una edición limitada en blanco y negro para cines,el bn le da un aire más clásico y dramático
83,Generacion Z,Cobertura en vivo de la marcha es la más vista en Facebook,Facebook Live,2025-11-16,Miles de personas siguieron la transmisión en tiempo real.,"Vi todo desde casa, me sentí parte de ello.",,58,12,13,2,58,9,43,9,cobertura en vivo de la marcha es la más vista en facebook,facebook live,miles de personas siguieron la transmisión en tiempo real,vi todo desde casa me sentí parte de ello
85,Generacion Z,La Generación Z y su relación con el pasado político,Revista Nexos,2025-11-17,Los jóvenes critican a generaciones anteriores por la inacción.,"Heredamos un país roto, nos toca arreglarlo.",,52,10,13,2,63,9,44,7,la generación z y su relación con el pasado político,revista nexos,los jóvenes critican a generaciones anteriores por la inacción,heredamos un país roto nos toca arreglarlo
86,Frankenstein,Actriz [Actriz 3] sobre el rol femenino en la historia,Women in Film,2025-11-11,El papel de las mujeres en la nueva adaptación.,Los personajes femeninos son más fuertes y complejos.,,54,10,13,3,47,9,53,8,actriz actriz sobre el rol femenino en la historia,women in film,el papel de las mujeres en la nueva adaptación,los personajes femeninos son más fuertes y complejos
87,Generacion Z,"Marcha es calificada como ""evento generacional""",Analistas Políticos,2025-11-18,Se compara el impacto cultural con el Vive Latino.,Un evento que marcará a esta generación.,,47,6,19,2,50,9,40,7,marcha es calificada como evento generacional,analistas políticos,se compara el impacto cultural con el vive latino,un evento que marcará a esta generación
88,Frankenstein,Frankenstein es la película más tuiteada de la semana,Twitter Trends,2025-11-08,Millones de menciones sobre el estreno.,"El hype es real, todos están hablando de ella.",,53,9,14,2,39,6,46,9,frankenstein es la película más tuiteada de la semana,twitter trends,millones de menciones sobre el estreno,el hype es real todos están hablando de ella
89,Generacion Z,Grupos de apoyo legal asisten a detenidos,Pro Bono México,2025-11-16,Abogados ofrecen ayuda gratuita a los arrestados.,La solidaridad legal es clave en las protestas.,,41,7,15,3,49,7,47,8,grupos de apoyo legal asisten a detenidos,pro bono méxico,abogados ofrecen ayuda gratuita a los arrestados,la solidaridad legal es clave en las protestas
90,Frankenstein,Del Toro elogia la actuación de [Actor 4] como Henry Clerval,Entrevista Backstage,2025-11-07,El director destaca el soporte emocional del personaje.,Clerval es la única luz en la oscuridad del Dr. Frankenstein.,,60,11,20,2,55,8,61,11,del toro elogia la actuación de actor como henry clerval,entrevista backstage,el director destaca el soporte emocional del personaje,clerval es la única luz en la oscuridad del dr frankenstein
91,Generacion Z,El uso de códigos y emojis en la convocatoria,Wired,2025-11-15,Análisis de cómo se organizan secretamente.,Usamos códigos para evitar la censura.,,45,9,5,1,43,6,38,6,el uso de códigos y emojis en la convocatoria,wired,análisis de cómo se organizan secretamente,usamos códigos para evitar la censura
92,Frankenstein,Los coleccionables de Frankenstein se agotan en línea,Merchandise News,2025-11-13,Figuras y pósters de edición limitada.,Quiero el Funko Pop del Monstruo inmediatamente.,,53,8,16,2,38,6,48,7,los coleccionables de frankenstein se agotan en línea,merchandise news,figuras y pósters de edición limitada,quiero el funko pop del monstruo inmediatamente
93,Generacion Z,Medios internacionales critican la respuesta del gobierno,The New York Times,2025-11-17,La reacción oficial es vista como minimización.,El mundo está viendo cómo nos tratan.,,57,7,18,4,47,7,37,7,medios internacionales critican la respuesta del gobierno,the new york times,la reacción oficial es vista como minimización,el mundo está viendo cómo nos tratan
94,Frankenstein,Frankenstein: Una clase magistral de diseño de sonido,Audio Post,2025-11-10,El uso del silencio y los efectos de sonido gutural.,El sonido del latido del Monstruo es aterrador.,,53,8,10,2,52,10,47,8,frankenstein una clase magistral de diseño de sonido,audio post,el uso del silencio y los efectos de sonido gutural,el sonido del latido del monstruo es aterrador
95,Generacion Z,Testimonios de desalojo en la Alameda Central,Diario de México,2025-11-16,Cuentas de primera mano sobre la intervención policial.,Fue violento y desproporcionado.,,45,7,16,3,55,8,32,4,testimonios de desalojo en la alameda central,diario de méxico,cuentas de primera mano sobre la intervención policial,fue violento y desproporcionado
96,Frankenstein,"Del Toro: ""Es una tragedia sobre la paternidad fallida""",Focus Features,2025-11-05,El director se enfoca en la responsabilidad del creador.,Es la peor historia de un papá que abandona a su hijo.,,55,9,14,2,56,9,54,12,del toro es una tragedia sobre la paternidad fallida,focus features,el director se enfoca en la responsabilidad del creador,es la peor historia de un papá que abandona a su hijo
97,Generacion Z,Las 'Fake News' sobre la marcha: Desmentidos de la Gen Z,VerificadorMx,2025-11-15,Jóvenes usan sus redes para desmentir rumores oficiales.,Nos toca a nosotros ser los verificadores.,,56,11,13,1,56,8,42,7,las fake news sobre la marcha desmentidos de la gen z,verificadormx,jóvenes usan sus redes para desmentir rumores oficiales,nos toca a nosotros ser los verificadores
98,Frankenstein,Frankenstein se proyecta en la Cineteca Nacional,Cineteca Agenda,2025-10-28,Función especial con presencia de críticos.,Verla en la Cineteca es un ritual.,,48,7,15,2,43,6,34,7,frankenstein se proyecta en la cineteca nacional,cineteca agenda,función especial con presencia de críticos,verla en la cineteca es un ritual
99,Generacion Z,Impacto en la cultura pop: Músicos se unen a la protesta,Rolling Stone MX,2025-11-17,Bandas de rock y rap se pronuncian y donan fondos.,La música siempre ha estado con el movimiento.,,56,11,16,3,50,10,46,8,impacto en la cultura pop músicos se unen a la protesta,rolling stone mx,bandas de rock y rap se pronuncian y donan fondos,la música siempre ha estado con el movimiento
100,Frankenstein,La controversia del casting en redes sociales,Twitter Debate,2025-11-04,Discusión sobre la elección de un actor 'demasiado guapo'.,"El maquillaje lo arregla, pero la esencia es Del Toro.",,45,7,14,2,58,9,54,10,la controversia del casting en redes sociales,twitter debate,discusión sobre la elección de un actor demasiado guapo,el maquillaje lo arregla pero la esencia es del toro
101,Generacion Z,Gen Z-styled protests spread in Mexico,Reuters,2025-11-16,Protestas tras asesinato de alcalde; enfrentamientos con policía.,El hartazgo juvenil es evidente en cada pancarta.,,38,6,7,1,65,8,49,8,gen zstyled protests spread in mexico,reuters,protestas tras asesinato de alcalde enfrentamientos con policía,el hartazgo juvenil es evidente en cada pancarta
102,Frankenstein,Frankenstein ya en streaming,Netflix Tudum,2025-11-07,La película se estrena en Netflix; estructura en tres actos.,"La mejor adaptación del clásico en décadas, ¡imperdible!",,28,4,13,2,60,10,56,8,frankenstein ya en streaming,netflix tudum,la película se estrena en netflix estructura en tres actos,la mejor adaptación del clásico en décadas imperdible
103,Generacion Z,Sheinbaum desautoriza marcha de la generación Z,El País,2025-11-17,Gobierno señala baja participación juvenil y presencia de opositores adultos.,"No importa cuántos éramos, sino el mensaje que dimos.",,47,7,7,2,77,10,53,9,sheinbaum desautoriza marcha de la generación z,el país,gobierno señala baja participación juvenil y presencia de opositores adultos,no importa cuántos éramos sino el mensaje que dimos
104,Frankenstein,Del Toro visita CDMX por estreno,Milenio,2025-10-30,Del Toro y elenco asistirán a evento en Ciudad de México.,México celebra a su genio del cine. ¡Un orgullo!,,32,6,7,1,57,11,48,9,del toro visita cdmx por estreno,milenio,del toro y elenco asistirán a evento en ciudad de méxico,méxico celebra a su genio del cine un orgullo
105,Generacion Z,Gobierno vincula marcha con desinformación,El País,2025-11-13,Acusan campaña digital financiada con bots e influencers.,"Si el gobierno lo niega, es porque es verdad lo que decimos.",,42,5,7,2,57,8,60,12,gobierno vincula marcha con desinformación,el país,acusan campaña digital financiada con bots e influencers,si el gobierno lo niega es porque es verdad lo que decimos
106,Frankenstein,Estreno en cines mexicanos,TV Azteca,2025-10-23,Se proyecta solo en cines seleccionados e independientes.,Una experiencia cinematográfica que vale cada peso.,,26,4,9,2,57,8,51,7,estreno en cines mexicanos,tv azteca,se proyecta solo en cines seleccionados e independientes,una experiencia cinematográfica que vale cada peso
107,Generacion Z,Generación Z toma las calles,Euronews,2025-11-16,20 detenidos y 100 policías heridos en movilizaciones.,La tensión en las calles es insostenible.,,28,5,8,1,54,8,41,7,generación z toma las calles,euronews,detenidos y policías heridos en movilizaciones,la tensión en las calles es insostenible
108,Frankenstein,Frankenstein llega a Netflix,El Financiero,2025-11-04,Disponible en streaming desde el 7 de noviembre.,Lista para verla 3 veces seguidas. ¡Qué obra!,,28,4,13,2,48,8,45,8,frankenstein llega a netflix,el financiero,disponible en streaming desde el de noviembre,lista para verla veces seguidas qué obra
109,Generacion Z,Testimonios de jóvenes sobre protesta,El País,2025-11-16,"Jóvenes denuncian inseguridad, falta de medicinas y problemas sociales.","La protesta es multifactorial, no es solo un tema.",,37,5,7,2,71,9,50,9,testimonios de jóvenes sobre protesta,el país,jóvenes denuncian inseguridad falta de medicinas y problemas sociales,la protesta es multifactorial no es solo un tema
110,Frankenstein,13 minutos de aplausos en Venecia,El Financiero,2025-08-31,La película recibe ovación en el Festival de Venecia.,Merecidos aplausos para el maestro Del Toro.,,33,6,13,2,53,9,44,7,minutos de aplausos en venecia,el financiero,la película recibe ovación en el festival de venecia,merecidos aplausos para el maestro del toro
111,Generacion Z,Análisis: ¿Qué busca realmente la Gen Z en las marchas?,BBC Mundo,2025-11-18,Estudio indica desconfianza en instituciones y uso de memes como protesta.,El meme es la herramienta de la sátira política moderna.,,55,10,9,2,74,11,56,10,análisis qué busca realmente la gen z en las marchas,bbc mundo,estudio indica desconfianza en instituciones y uso de memes como protesta,el meme es la herramienta de la sátira política moderna
112,Frankenstein,Oscar a Mejor Maquillaje asegurado para GDT,Variety,2025-11-15,Expertos predicen múltiples nominaciones por el diseño del Monstruo.,El maquillaje te cuenta toda la historia del sufrimiento del Monstruo.,,43,7,7,1,68,9,70,11,oscar a mejor maquillaje asegurado para gdt,variety,expertos predicen múltiples nominaciones por el diseño del monstruo,el maquillaje te cuenta toda la historia del sufrimiento del monstruo
113,Generacion Z,El factor TikTok en las protestas mexicanas,DW,2025-11-15,La red social es la principal herramienta de convocatoria y difusión.,El algoritmo nos unió por la causa.,,43,7,2,1,69,11,35,7,el factor tiktok en las protestas mexicanas,dw,la red social es la principal herramienta de convocatoria y difusión,el algoritmo nos unió por la causa
114,Frankenstein,La nueva visión de la criatura de Del Toro,Rolling Stone,2025-11-08,El director se enfoca en la soledad y la humanidad del Monstruo.,Es más sobre la víctima que sobre el villano.,,42,9,13,2,64,12,45,9,la nueva visión de la criatura de del toro,rolling stone,el director se enfoca en la soledad y la humanidad del monstruo,es más sobre la víctima que sobre el villano
115,Generacion Z,Marcha: ¿El inicio de un nuevo movimiento juvenil?,Reforma,2025-11-17,Sociólogos debaten si las protestas tienen el potencial de la Primavera Árabe.,Los cambios generacionales empiezan con una chispa así.,,50,8,7,1,78,12,55,8,marcha el inicio de un nuevo movimiento juvenil,reforma,sociólogos debaten si las protestas tienen el potencial de la primavera árabe,los cambios generacionales empiezan con una chispa así
116,Frankenstein,Elenco de lujo cautiva a la audiencia global,Hollywood Reporter,2025-11-09,Análisis de las actuaciones de [Actor 1] y [Actor 2] como Dr. y Monstruo.,[Actor 1] logra una frialdad increíble como Dr. Frankenstein.,,44,8,18,2,73,14,61,9,elenco de lujo cautiva a la audiencia global,hollywood reporter,análisis de las actuaciones de actor y actor como dr y monstruo,actor logra una frialdad increíble como dr frankenstein
117,Generacion Z,Gobierno refuerza seguridad en el Zócalo,Milenio,2025-11-14,"Tras el intento de ocupación, se duplica la presencia policial.",Blindan el poder en lugar de abrir el diálogo.,,40,6,7,1,63,10,46,9,gobierno refuerza seguridad en el zócalo,milenio,tras el intento de ocupación se duplica la presencia policial,blindan el poder en lugar de abrir el diálogo
118,Frankenstein,Frankenstein: ¿La obra maestra más oscura de GDT?,IndieWire,2025-11-10,Comparación con El Laberinto del Fauno y La Forma del Agua.,"La más cruda y menos fantástica, una joya.",,49,8,9,1,59,11,42,8,frankenstein la obra maestra más oscura de gdt,indiewire,comparación con el laberinto del fauno y la forma del agua,la más cruda y menos fantástica una joya
119,Generacion Z,¿Quién financia la movilización digital de la Gen Z?,El Universal,2025-11-13,Investigación sobre el origen de los hashtags virales.,Nuestra única moneda es la indignación.,,52,9,12,2,54,8,39,6,quién financia la movilización digital de la gen z,el universal,investigación sobre el origen de los hashtags virales,nuestra única moneda es la indignación
120,Frankenstein,La estética victoriana y el detalle de producción,Screen Rant,2025-11-06,Entrevista con la diseñadora de producción sobre el mundo de la película.,"Cada detalle te transporta a la época, maestría total.",,49,8,11,2,73,12,54,9,la estética victoriana y el detalle de producción,screen rant,entrevista con la diseñadora de producción sobre el mundo de la película,cada detalle te transporta a la época maestría total
121,Generacion Z,Estudiantes se suman a las demandas de la marcha,La Jornada,2025-11-15,Facultades de la UNAM y el IPN emiten comunicados de apoyo.,Las universidades son el motor del cambio.,,48,9,10,2,59,11,42,7,estudiantes se suman a las demandas de la marcha,la jornada,facultades de la unam y el ipn emiten comunicados de apoyo,las universidades son el motor del cambio
122,Frankenstein,Tráiler rompe récord de vistas en Netflix,Forbes,2025-10-01,El avance de la película se vuelve viral en horas.,"El tráiler no le hace justicia, la película es mucho mejor.",,41,7,6,1,50,10,59,11,tráiler rompe récord de vistas en netflix,forbes,el avance de la película se vuelve viral en horas,el tráiler no le hace justicia la película es mucho mejor
123,Generacion Z,Influencers denuncian intimidación tras apoyar las protestas,El País,2025-11-17,Cuentas grandes reportan ataques coordinados y amenazas.,El precio de alzar la voz es alto.,,60,7,7,2,56,7,34,8,influencers denuncian intimidación tras apoyar las protestas,el país,cuentas grandes reportan ataques coordinados y amenazas,el precio de alzar la voz es alto
124,Frankenstein,"Del Toro sobre la ciencia: ""Es la ambición humana""",The Guardian,2025-11-07,Cita del director sobre el verdadero horror de la historia.,La arrogancia del Dr. es la verdadera tragedia.,,50,9,12,2,59,10,47,8,del toro sobre la ciencia es la ambición humana,the guardian,cita del director sobre el verdadero horror de la historia,la arrogancia del dr es la verdadera tragedia
125,Generacion Z,México: La generación del cambio social,CNN Español,2025-11-18,Reportaje especial sobre el activismo juvenil en Latam.,Gen Z está definiendo la política en México.,,39,6,11,2,55,8,44,8,méxico la generación del cambio social,cnn español,reportaje especial sobre el activismo juvenil en latam,gen z está definiendo la política en méxico
126,Frankenstein,Critica: La obra que define la filmografía de Del Toro,SensaCine,2025-11-05,Una reseña que alaba la madurez narrativa y visual del director.,Una lección de cómo adaptar un clásico.,,54,10,9,1,64,11,39,7,critica la obra que define la filmografía de del toro,sensacine,una reseña que alaba la madurez narrativa y visual del director,una lección de cómo adaptar un clásico
127,Generacion Z,Padres de familia expresan apoyo a la marcha de sus hijos,El Heraldo,2025-11-16,Adultos mayores se unen a las filas en solidaridad.,El apoyo de los padres es crucial para la moral.,,57,11,10,2,51,9,48,10,padres de familia expresan apoyo a la marcha de sus hijos,el heraldo,adultos mayores se unen a las filas en solidaridad,el apoyo de los padres es crucial para la moral
128,Frankenstein,Análisis: ¿Por qué Frankenstein sigue siendo relevante?,Vulture,2025-11-12,La historia toca temas de rechazo social y disidencia.,Refleja la ansiedad de sentirse diferente y excluido.,,55,7,7,1,54,9,53,8,análisis por qué frankenstein sigue siendo relevante,vulture,la historia toca temas de rechazo social y disidencia,refleja la ansiedad de sentirse diferente y excluido
129,Generacion Z,Hashtags de protesta se vuelven *trending* mundial,Twitter News,2025-11-15,#MexicoDespierta y #GenZPorLaPaz lideran tendencias.,La voz digital supera a la frontera.,,50,7,12,2,52,5,36,7,hashtags de protesta se vuelven trending mundial,twitter news,y lideran tendencias,la voz digital supera a la frontera
130,Frankenstein,Efectos visuales minimalistas y el poder de la caracterización,FX Magazine,2025-11-10,El uso de maquillaje práctico sobre CGI es un acierto.,La textura de la piel del Monstruo es increíblemente realista.,,62,9,11,2,54,10,62,10,efectos visuales minimalistas y el poder de la caracterización,fx magazine,el uso de maquillaje práctico sobre cgi es un acierto,la textura de la piel del monstruo es increíblemente realista
131,Generacion Z,Policía Cibernética investiga origen de desinformación,El País,2025-11-14,Señalan cuentas vinculadas a grupos de oposición.,Intentan deslegitimar el movimiento a toda costa.,,54,6,7,2,49,7,49,7,policía cibernética investiga origen de desinformación,el país,señalan cuentas vinculadas a grupos de oposición,intentan deslegitimar el movimiento a toda costa
132,Frankenstein,"Del Toro en entrevista: ""Es una carta de amor a Mary Shelley""",CinemaBlend,2025-11-07,El director discute la fidelidad al espíritu del libro.,"Respeta la esencia, pero le añade su toque personal.",,61,12,11,1,55,9,52,9,del toro en entrevista es una carta de amor a mary shelley,cinemablend,el director discute la fidelidad al espíritu del libro,respeta la esencia pero le añade su toque personal
133,Generacion Z,Análisis: Las demandas económicas de la Generación Z,Expansión,2025-11-17,Los jóvenes exigen salarios dignos y acceso a la vivienda.,El futuro económico es la mayor preocupación de la Gen Z.,,52,8,9,1,58,10,57,11,análisis las demandas económicas de la generación z,expansión,los jóvenes exigen salarios dignos y acceso a la vivienda,el futuro económico es la mayor preocupación de la gen z
134,Frankenstein,Los 5 momentos más emotivos de Frankenstein (Spoiler Free),BuzzFeed,2025-11-09,Lista de escenas destacadas por su carga dramática.,La escena final me destrozó el corazón.,,58,9,8,1,51,8,39,7,los momentos más emotivos de frankenstein spoiler free,buzzfeed,lista de escenas destacadas por su carga dramática,la escena final me destrozó el corazón
135,Generacion Z,México D.F.: Centro de la protesta juvenil,Reuters,2025-11-16,Cientos se congregan en el Ángel de la Independencia.,El Ángel fue el punto de encuentro de la esperanza.,,42,7,7,1,53,9,51,10,méxico df centro de la protesta juvenil,reuters,cientos se congregan en el ángel de la independencia,el ángel fue el punto de encuentro de la esperanza
136,Frankenstein,¿Habrá secuela? GDT responde,Collider,2025-11-14,Del Toro dice que esta es una historia autocontenida.,"Terminó perfectamente, no necesita más.",,28,4,8,1,53,9,39,5,habrá secuela gdt responde,collider,del toro dice que esta es una historia autocontenida,terminó perfectamente no necesita más
137,Generacion Z,Uso de tecnología para evitar represión policial,VICE News,2025-11-15,Apps de mensajería cifrada y transmisión en vivo para documentar abusos.,El celular es nuestra arma de defensa y denuncia.,,48,7,9,2,72,11,49,9,uso de tecnología para evitar represión policial,vice news,apps de mensajería cifrada y transmisión en vivo para documentar abusos,el celular es nuestra arma de defensa y denuncia
138,Frankenstein,El papel del color y la luz en la película,FilmeNow,2025-11-06,Análisis visual del director de fotografía.,La niebla y la oscuridad son personajes en sí mismos.,,42,10,8,1,43,6,53,10,el papel del color y la luz en la película,filmenow,análisis visual del director de fotografía,la niebla y la oscuridad son personajes en sí mismos
139,Generacion Z,Gobierno acusa vandalismo en monumentos históricos,INAH,2025-11-17,Daños en edificios y estatuas tras los enfrentamientos.,El daño al patrimonio es lamentable.,,50,6,4,1,55,8,36,6,gobierno acusa vandalismo en monumentos históricos,inah,daños en edificios y estatuas tras los enfrentamientos,el daño al patrimonio es lamentable
140,Frankenstein,Estreno de Frankenstein genera debate en Reddit,Reddit r/movies,2025-11-08,Discusión sobre la adaptación y la controversia del casting.,"El debate en Reddit está encendido, es un signo de éxito.",,47,7,15,2,60,9,57,11,estreno de frankenstein genera debate en reddit,reddit rmovies,discusión sobre la adaptación y la controversia del casting,el debate en reddit está encendido es un signo de éxito
141,Generacion Z,Movilización: ¿Una ola organizada o espontánea?,El País,2025-11-18,Expertos debaten la naturaleza del movimiento juvenil.,Es una ola de indignación genuina.,,47,6,7,2,54,7,34,6,movilización una ola organizada o espontánea,el país,expertos debaten la naturaleza del movimiento juvenil,es una ola de indignación genuina
142,Frankenstein,"Actores describen el proceso de maquillaje como ""tortuoso""",The Hollywood Reporter,2025-11-11,Horas de trabajo diario para lograr la apariencia del Monstruo.,"El sacrificio se ve en la pantalla, un trabajo artesanal.",,58,8,22,3,63,10,57,10,actores describen el proceso de maquillaje como tortuoso,the hollywood reporter,horas de trabajo diario para lograr la apariencia del monstruo,el sacrificio se ve en la pantalla un trabajo artesanal
143,Generacion Z,Análisis de lenguaje visual de la protesta,Diseño MX,2025-11-15,Uso de carteles minimalistas y referencias a memes.,Los carteles eran arte puro de protesta.,,42,7,9,2,51,8,40,7,análisis de lenguaje visual de la protesta,diseño mx,uso de carteles minimalistas y referencias a memes,los carteles eran arte puro de protesta
144,Frankenstein,La música de [Compositor] eleva la emoción,Soundtrack World,2025-11-05,Reseña de la banda sonora de la película.,La banda sonora es tan épica como la historia.,,42,7,16,2,41,8,46,9,la música de compositor eleva la emoción,soundtrack world,reseña de la banda sonora de la película,la banda sonora es tan épica como la historia
145,Generacion Z,Jóvenes convocan a una segunda marcha en diciembre,Redes Sociales,2025-11-17,La convocatoria es para el día 10 de diciembre.,"La lucha no termina, apenas comienza.",,50,8,14,2,47,9,37,6,jóvenes convocan a una segunda marcha en diciembre,redes sociales,la convocatoria es para el día de diciembre,la lucha no termina apenas comienza
146,Frankenstein,Comparativa: ¿Mejor que las versiones clásicas?,Den of Geek,2025-11-07,El artículo compara la nueva versión con las de la Universal.,Es la versión que Mary Shelley merecía ver.,,47,6,11,3,61,11,43,8,comparativa mejor que las versiones clásicas,den of geek,el artículo compara la nueva versión con las de la universal,es la versión que mary shelley merecía ver
147,Generacion Z,Marcha: Un grito contra la corrupción y la impunidad,W Radio,2025-11-16,Las demandas centrales giran en torno a la justicia.,La justicia es la base de todo lo que pedimos.,,52,9,7,2,52,9,46,10,marcha un grito contra la corrupción y la impunidad,w radio,las demandas centrales giran en torno a la justicia,la justicia es la base de todo lo que pedimos
148,Frankenstein,"Del Toro sobre la ciencia: ""Es la ambición humana""",Entrevista Televisa,2025-11-04,El director explica su enfoque psicológico del personaje.,La ambición desmedida es el verdadero motor del terror.,,50,9,19,2,57,8,55,9,del toro sobre la ciencia es la ambición humana,entrevista televisa,el director explica su enfoque psicológico del personaje,la ambición desmedida es el verdadero motor del terror
149,Generacion Z,Testimonios: Jóvenes que fueron por primera vez a marchar,Aristegui Noticias,2025-11-18,Historias de la experiencia inicial en las protestas.,"Fue mi primera vez, y no será la última.",,57,9,18,2,53,8,40,9,testimonios jóvenes que fueron por primera vez a marchar,aristegui noticias,historias de la experiencia inicial en las protestas,fue mi primera vez y no será la última
150,Frankenstein,Éxito de taquilla limitada en cines independientes,Box Office Guru,2025-11-13,La película tuvo buenas cifras antes de pasar a streaming.,Un éxito de nicho que se masificó en streaming.,,50,7,15,3,58,10,47,9,éxito de taquilla limitada en cines independientes,box office guru,la película tuvo buenas cifras antes de pasar a streaming,un éxito de nicho que se masificó en streaming
151,Generacion Z,Movilización en Guadalajara y Monterrey,El Norte,2025-11-16,Las protestas se replican en otros estados clave.,La provincia también alza la voz.,,39,5,8,2,49,8,33,6,movilización en guadalajara y monterrey,el norte,las protestas se replican en otros estados clave,la provincia también alza la voz
152,Frankenstein,Del Toro explica el final alternativo,Revista Empire,2025-11-15,Detalles sobre las escenas eliminadas y cambios de guion.,El final elegido es el más coherente con el tono de GDT.,,37,6,14,2,57,9,56,12,del toro explica el final alternativo,revista empire,detalles sobre las escenas eliminadas y cambios de guion,el final elegido es el más coherente con el tono de gdt
153,Generacion Z,Debate en Twitter: ¿Falta de liderazgo en la Gen Z?,El Universal,2025-11-17,Algunos critican la falta de una figura central en el movimiento.,El liderazgo es horizontal en esta generación.,,51,10,12,2,65,11,46,7,debate en twitter falta de liderazgo en la gen z,el universal,algunos critican la falta de una figura central en el movimiento,el liderazgo es horizontal en esta generación
154,Frankenstein,Análisis del vestuario como herramienta narrativa,Vogue México,2025-11-08,La ropa refleja el estatus y la decadencia moral.,El vestuario es un personaje más en la historia.,,49,6,12,2,49,9,48,9,análisis del vestuario como herramienta narrativa,vogue méxico,la ropa refleja el estatus y la decadencia moral,el vestuario es un personaje más en la historia
155,Generacion Z,Reporte: Uso de VPN y Tor para comunicación segura,TechCrunch,2025-11-15,La Gen Z utiliza herramientas digitales para evadir vigilancia.,La protesta se organiza en la sombra digital.,,50,9,10,1,63,9,45,8,reporte uso de vpn y tor para comunicación segura,techcrunch,la gen z utiliza herramientas digitales para evadir vigilancia,la protesta se organiza en la sombra digital
156,Frankenstein,Netflix compra los derechos globales por una cifra millonaria,Deadline,2025-10-25,El acuerdo garantiza una distribución masiva.,"Gracias a Netflix, la obra llegó a todo el mundo.",,61,9,8,1,45,6,49,10,netflix compra los derechos globales por una cifra millonaria,deadline,el acuerdo garantiza una distribución masiva,gracias a netflix la obra llegó a todo el mundo
157,Generacion Z,El lenguaje inclusivo y la Gen Z en la protesta,Cultura Colectiva,2025-11-16,Análisis del vocabulario utilizado en las consignas.,La Gen Z trae consigo el lenguaje de la inclusión.,,47,10,17,2,52,7,50,10,el lenguaje inclusivo y la gen z en la protesta,cultura colectiva,análisis del vocabulario utilizado en las consignas,la gen z trae consigo el lenguaje de la inclusión
158,Frankenstein,"Del Toro sobre el CGI: ""Solo donde sea estrictamente necesario""",Video Production,2025-11-06,Énfasis en los efectos prácticos y la artesanía.,Se agradece el toque práctico y menos digital.,,63,10,16,2,48,8,46,8,del toro sobre el cgi solo donde sea estrictamente necesario,video production,énfasis en los efectos prácticos y la artesanía,se agradece el toque práctico y menos digital
159,Generacion Z,Gobierno acusa a partidos de derecha de infiltrar la marcha,Milenio,2025-11-14,Argumentan que buscan desestabilizar la administración.,Una cortina de humo para no hablar de las demandas.,,59,10,7,1,55,6,51,10,gobierno acusa a partidos de derecha de infiltrar la marcha,milenio,argumentan que buscan desestabilizar la administración,una cortina de humo para no hablar de las demandas
160,Frankenstein,Frankenstein: El monstruo que nos obliga a vernos,Psicología y Cine,2025-11-11,Análisis psicológico de la relación creador-criatura.,El Monstruo es el espejo de nuestra sociedad.,,49,8,17,3,53,6,45,8,frankenstein el monstruo que nos obliga a vernos,psicología y cine,análisis psicológico de la relación creadorcriatura,el monstruo es el espejo de nuestra sociedad
161,Generacion Z,Gen Z crea su propia narrativa en YouTube,YouTube Trends,2025-11-16,Canales de jóvenes documentan la marcha sin filtros.,La información real viene de los jóvenes en el lugar.,,41,8,14,2,52,8,53,10,gen z crea su propia narrativa en youtube,youtube trends,canales de jóvenes documentan la marcha sin filtros,la información real viene de los jóvenes en el lugar
162,Frankenstein,La iluminación como personaje en el film de Del Toro,Cinephilia,2025-11-09,Estudio de cómo el claroscuro define el tono de la película.,Un maestro del contraste y la sombra.,,52,10,10,1,60,11,37,7,la iluminación como personaje en el film de del toro,cinephilia,estudio de cómo el claroscuro define el tono de la película,un maestro del contraste y la sombra
163,Generacion Z,Análisis: Diferencias con el movimiento estudiantil del 68,History Channel,2025-11-18,Comparativa entre el activismo actual y el pasado.,La tecnología es la mayor diferencia con el 68.,,58,8,15,2,50,8,47,9,análisis diferencias con el movimiento estudiantil del,history channel,comparativa entre el activismo actual y el pasado,la tecnología es la mayor diferencia con el
164,Frankenstein,La visión del Dr. Frankenstein como un niño caprichoso,The New Yorker,2025-11-12,Crítica que examina la inmadurez moral del científico.,Un genio con la madurez de un niño.,,54,9,14,3,54,8,35,8,la visión del dr frankenstein como un niño caprichoso,the new yorker,crítica que examina la inmadurez moral del científico,un genio con la madurez de un niño
165,Generacion Z,Reporte de Derechos Humanos condena uso excesivo de la fuerza,Amnistía Internacional,2025-11-17,Documentan agresiones a manifestantes pacíficos.,El derecho a protestar debe ser respetado.,,61,10,22,2,48,5,42,7,reporte de derechos humanos condena uso excesivo de la fuerza,amnistía internacional,documentan agresiones a manifestantes pacíficos,el derecho a protestar debe ser respetado
166,Frankenstein,Guillermo del Toro anuncia un libro de arte de la película,Dark Horse Comics,2025-11-14,El tomo contendrá bocetos y diseños conceptuales.,El arte conceptual es tan bueno como la película.,,58,11,17,3,49,7,49,9,guillermo del toro anuncia un libro de arte de la película,dark horse comics,el tomo contendrá bocetos y diseños conceptuales,el arte conceptual es tan bueno como la película
167,Generacion Z,Economistas advierten sobre el impacto de la inestabilidad social,Financial Times,2025-11-18,Las protestas pueden afectar la inversión extranjera.,La inestabilidad es consecuencia de la crisis social.,,65,9,15,2,53,7,53,8,economistas advierten sobre el impacto de la inestabilidad social,financial times,las protestas pueden afectar la inversión extranjera,la inestabilidad es consecuencia de la crisis social
168,Frankenstein,Frankenstein y el cine gótico: Un regreso a las raíces,Horror Freak,2025-11-05,La película abraza la tradición del horror clásico.,Un festín visual para los amantes del gótico.,,54,10,12,2,51,8,45,8,frankenstein y el cine gótico un regreso a las raíces,horror freak,la película abraza la tradición del horror clásico,un festín visual para los amantes del gótico
169,Generacion Z,Manifestantes utilizan drones para documentar la marcha,Tecnología para el Cambio,2025-11-16,Cámaras aéreas registran la magnitud de la concentración.,Los drones ofrecen una perspectiva imparcial.,,55,7,25,4,57,8,45,6,manifestantes utilizan drones para documentar la marcha,tecnología para el cambio,cámaras aéreas registran la magnitud de la concentración,los drones ofrecen una perspectiva imparcial
170,Frankenstein,"Del Toro agradece el recibimiento: ""Una obra personal""",Discurso de Premiere,2025-10-30,El director se emociona al hablar de su conexión con la historia.,La pasión de GDT se transmite en el cine.,,54,8,20,3,65,12,41,9,del toro agradece el recibimiento una obra personal,discurso de premiere,el director se emociona al hablar de su conexión con la historia,la pasión de gdt se transmite en el cine
171,Generacion Z,Comentarios: La marcha dividió a las familias,Foros de Debate,2025-11-17,Generaciones mayores critican la falta de respeto a la autoridad.,La brecha generacional se hizo más grande en la marcha.,,45,7,15,3,65,10,55,10,comentarios la marcha dividió a las familias,foros de debate,generaciones mayores critican la falta de respeto a la autoridad,la brecha generacional se hizo más grande en la marcha
172,Frankenstein,El Monstruo de Del Toro: ¿El más vulnerable de todos?,Film Comment,2025-11-10,El análisis de la interpretación de [Actor 2] como figura trágica.,Un ser lleno de dolor e inocencia robada.,,53,10,12,2,66,11,41,8,el monstruo de del toro el más vulnerable de todos,film comment,el análisis de la interpretación de actor como figura trágica,un ser lleno de dolor e inocencia robada
173,Generacion Z,Influencers promueven boicot a marcas que no se pronuncian,TikTok,2025-11-15,Piden a las empresas tomar posición política.,Las marcas deben tener responsabilidad social.,,58,9,6,1,45,7,46,6,influencers promueven boicot a marcas que no se pronuncian,tiktok,piden a las empresas tomar posición política,las marcas deben tener responsabilidad social
174,Frankenstein,Frankenstein: Un éxito inesperado de Netflix Latam,Netflix Data,2025-11-14,La película se posiciona como la más vista en la región.,Un triunfo para el cine de autor en streaming.,,50,7,12,2,56,11,46,9,frankenstein un éxito inesperado de netflix latam,netflix data,la película se posiciona como la más vista en la región,un triunfo para el cine de autor en streaming
175,Generacion Z,La voz de la Generación Z en los medios tradicionales,Prensa Libre,2025-11-18,Los medios dan más espacio a las demandas de los jóvenes.,La presión de la calle obliga a los medios a reaccionar.,,53,10,12,2,57,11,56,11,la voz de la generación z en los medios tradicionales,prensa libre,los medios dan más espacio a las demandas de los jóvenes,la presión de la calle obliga a los medios a reaccionar
176,Frankenstein,"Del Toro sobre el final: ""Un toque de esperanza""",Entrevista Exclusiva,2025-11-07,El director defiende un cierre menos nihilista.,"Un final que te deja pensando, pero con luz.",,48,9,20,2,47,7,44,9,del toro sobre el final un toque de esperanza,entrevista exclusiva,el director defiende un cierre menos nihilista,un final que te deja pensando pero con luz
177,Generacion Z,Activistas denuncian detenciones arbitrarias,ONG Derechos Humanos,2025-11-16,Piden la liberación inmediata de los detenidos.,La represión es el peor enemigo de la democracia.,,44,4,20,3,47,7,49,9,activistas denuncian detenciones arbitrarias,ong derechos humanos,piden la liberación inmediata de los detenidos,la represión es el peor enemigo de la democracia
178,Frankenstein,El impacto de la película en la moda gótica actual,Fashionista,2025-11-10,Las tendencias de vestuario de la película inspiran nuevos looks.,El estilo victoriano está de vuelta gracias a Del Toro.,,50,10,11,1,65,10,55,10,el impacto de la película en la moda gótica actual,fashionista,las tendencias de vestuario de la película inspiran nuevos looks,el estilo victoriano está de vuelta gracias a del toro
179,Generacion Z,Análisis de los cánticos y consignas de la marcha,Lingüística Social,2025-11-17,El uso del sarcasmo y el humor negro en las protestas.,Protestar con inteligencia es el sello de la Gen Z.,,49,9,18,2,54,11,51,10,análisis de los cánticos y consignas de la marcha,lingüística social,el uso del sarcasmo y el humor negro en las protestas,protestar con inteligencia es el sello de la gen z
180,Frankenstein,Frankenstein en el Top 10 de IMDb,IMDb Charts,2025-11-15,La película mantiene una alta calificación entre los usuarios.,Una obra maestra que perdurará.,,33,7,11,2,62,9,31,5,frankenstein en el top de imdb,imdb charts,la película mantiene una alta calificación entre los usuarios,una obra maestra que perdurará
181,Generacion Z,Usuarios de Reddit discuten la efectividad de las marchas,Reddit r/Mexico,2025-11-18,Debate sobre si el cambio se logra en la calle o en las urnas.,"La calle mueve la aguja, la urna lo consolida.",,57,9,15,2,62,14,46,9,usuarios de reddit discuten la efectividad de las marchas,reddit rmexico,debate sobre si el cambio se logra en la calle o en las urnas,la calle mueve la aguja la urna lo consolida
182,Frankenstein,La crítica elogia la cinematografía en blanco y negro (Versión especial),Sundance Review,2025-11-12,Se lanzó una edición limitada en blanco y negro para cines.,El B&N intensifica la tragedia.,,72,11,15,2,59,11,31,5,la crítica elogia la cinematografía en blanco y negro versión especial,sundance review,se lanzó una edición limitada en blanco y negro para cines,el bn intensifica la tragedia
183,Generacion Z,Cobertura en vivo de la marcha es la más vista en Facebook,Facebook Live,2025-11-16,Miles de personas siguieron la transmisión en tiempo real.,La transmisión en vivo es la nueva crónica.,,58,12,13,2,58,9,43,8,cobertura en vivo de la marcha es la más vista en facebook,facebook live,miles de personas siguieron la transmisión en tiempo real,la transmisión en vivo es la nueva crónica
184,Frankenstein,"Del Toro: ""Mi Frankenstein no tiene miedo"," tiene dolor""",MasterClass,2025-11-09,El director explica la emoción dominante de la criatura.,El dolor como motor de la monstruosidad.,41,7,13,2,10,1,56,9,del toro mi frankenstein no tiene miedo,tiene dolor,,el director explica la emoción dominante de la criatura
185,Generacion Z,La Generación Z y su relación con el pasado político,Revista Nexos,2025-11-17,Los jóvenes critican a generaciones anteriores por la inacción.,No queremos cometer los mismos errores.,,52,10,13,2,63,9,39,6,la generación z y su relación con el pasado político,revista nexos,los jóvenes critican a generaciones anteriores por la inacción,no queremos cometer los mismos errores
186,Frankenstein,Actriz [Actriz 3] sobre el rol femenino en la historia,Women in Film,2025-11-11,El papel de las mujeres en la nueva adaptación.,Los personajes femeninos son el ancla moral.,,54,10,13,3,47,9,44,7,actriz actriz sobre el rol femenino en la historia,women in film,el papel de las mujeres en la nueva adaptación,los personajes femeninos son el ancla moral
187,Generacion Z,"Marcha es calificada como ""evento generacional""",Analistas Políticos,2025-11-18,Se compara el impacto cultural con el Vive Latino.,Un momento definitorio para la juventud mexicana.,,47,6,19,2,50,9,49,7,marcha es calificada como evento generacional,analistas políticos,se compara el impacto cultural con el vive latino,un momento definitorio para la juventud mexicana
188,Frankenstein,Frankenstein es la película más tuiteada de la semana,Twitter Trends,2025-11-08,Millones de menciones sobre el estreno.,El poder de Del Toro en las redes.,,53,9,14,2,39,6,34,8,frankenstein es la película más tuiteada de la semana,twitter trends,millones de menciones sobre el estreno,el poder de del toro en las redes
189,Generacion Z,Grupos de apoyo legal asisten a detenidos,Pro Bono México,2025-11-16,Abogados ofrecen ayuda gratuita a los arrestados.,La asistencia legal es una forma de protesta.,,41,7,15,3,49,7,45,8,grupos de apoyo legal asisten a detenidos,pro bono méxico,abogados ofrecen ayuda gratuita a los arrestados,la asistencia legal es una forma de protesta
190,Frankenstein,Del Toro elogia la actuación de [Actor 4] como Henry Clerval,Entrevista Backstage,2025-11-07,El director destaca el soporte emocional del personaje.,Clerval es la consciencia de Víctor.,,60,11,20,2,55,8,36,6,del toro elogia la actuación de actor como henry clerval,entrevista backstage,el director destaca el soporte emocional del personaje,clerval es la consciencia de víctor
191,Generacion Z,El uso de códigos y emojis en la convocatoria,Wired,2025-11-15,Análisis de cómo se organizan secretamente.,La Gen Z inventa sus propios códigos para la seguridad.,,45,9,5,1,43,6,55,10,el uso de códigos y emojis en la convocatoria,wired,análisis de cómo se organizan secretamente,la gen z inventa sus propios códigos para la seguridad
192,Frankenstein,Los coleccionables de Frankenstein se agotan en línea,Merchandise News,2025-11-13,Figuras y pósters de edición limitada.,El merchandising es un éxito rotundo.,,53,8,16,2,38,6,37,6,los coleccionables de frankenstein se agotan en línea,merchandise news,figuras y pósters de edición limitada,el merchandising es un éxito rotundo
193,Generacion Z,Medios internacionales critican la respuesta del gobierno,The New York Times,2025-11-17,La reacción oficial es vista como minimización.,El mundo observa el trato a los manifestantes.,,57,7,18,4,47,7,46,8,medios internacionales critican la respuesta del gobierno,the new york times,la reacción oficial es vista como minimización,el mundo observa el trato a los manifestantes
194,Frankenstein,Frankenstein: Una clase magistral de diseño de sonido,Audio Post,2025-11-10,El uso del silencio y los efectos de sonido gutural.,El diseño de sonido es perturbador y brillante.,,53,8,10,2,52,10,47,8,frankenstein una clase magistral de diseño de sonido,audio post,el uso del silencio y los efectos de sonido gutural,el diseño de sonido es perturbador y brillante
195,Generacion Z,Testimonios de desalojo en la Alameda Central,Diario de México,2025-11-16,Cuentas de primera mano sobre la intervención policial.,La violencia no nos va a detener.,,45,7,16,3,55,8,33,7,testimonios de desalojo en la alameda central,diario de méxico,cuentas de primera mano sobre la intervención policial,la violencia no nos va a detener
196,Frankenstein,"Del Toro: ""Es una tragedia sobre la paternidad fallida""",Focus Features,2025-11-05,El director se enfoca en la responsabilidad del creador.,Un tema universal que Del Toro maneja con maestría.,,55,9,14,2,56,9,51,9,del toro es una tragedia sobre la paternidad fallida,focus features,el director se enfoca en la responsabilidad del creador,un tema universal que del toro maneja con maestría
197,Generacion Z,Las 'Fake News' sobre la marcha: Desmentidos de la Gen Z,VerificadorMx,2025-11-15,Jóvenes usan sus redes para desmentir rumores oficiales.,La Gen Z lucha contra la desinformación en tiempo real.,,56,11,13,1,56,8,55,10,las fake news sobre la marcha desmentidos de la gen z,verificadormx,jóvenes usan sus redes para desmentir rumores oficiales,la gen z lucha contra la desinformación en tiempo real
198,Frankenstein,Frankenstein se proyecta en la Cineteca Nacional,Cineteca Agenda,2025-10-28,Función especial con presencia de críticos.,Un evento cultural imperdible en la Cineteca.,,48,7,15,2,43,6,45,7,frankenstein se proyecta en la cineteca nacional,cineteca agenda,función especial con presencia de críticos,un evento cultural imperdible en la cineteca
199,Generacion Z,Impacto en la cultura pop: Músicos se unen a la protesta,Rolling Stone MX,2025-11-17,Bandas de rock y rap se pronuncian y donan fondos.,Los artistas son aliados del cambio.,,56,11,16,3,50,10,36,6,impacto en la cultura pop músicos se unen a la protesta,rolling stone mx,bandas de rock y rap se pronuncian y donan fondos,los artistas son aliados del cambio
200,Frankenstein,La controversia del casting en redes sociales,Twitter Debate,2025-11-04,Discusión sobre la elección de un actor 'demasiado guapo'.,"Al final, la actuación superó el debate del casting.",,45,7,14,2,58,9,52,9,la controversia del casting en redes sociales,twitter debate,discusión sobre la elección de un actor demasiado guapo,al final la actuación superó el debate del casting
